player_id,player,position,ht_inches,weight,bmi,current_team,birth_date,birth_place,death_date,life_span_yrs,college,high_school,draft_team,draft_round,draft_position,draft_year,current_salary,induct.year,from,to,1st.team.ap,pro_bowl,years.starter,career.avg.value,games,completions,pass.att,pass.yds,pass.td,longest.pass,int,times.sacked,sack.yds.lost,rush.att,rush.yds,rush.td,longest.rush,receptions,rec.yds,rec.tds,longest.rec
16023,Mike Munchak,G,75,281,35.19602998801957,NA,1960-03-05,"Scranton, PA",NA,NA,Penn St.,"Scranton, PA",Houston Oilers,1,8,1982,NA,2001,1982,1993,2,9,11,91,159,NA,NA,NA,NA,NA,NA,NA,NA,NA,NA,NA,NA,NA,NA,NA,NA
5764,Chris Doleman,DE,77,289,34.34205491511612,NA,1961-10-16,"Indianapolis, IN",NA,NA,Pittsburgh,"Valley Forge Military Academy, PA",Minnesota Vikings,1,4,1985,NA,2012,1985,1999,2,8,13,114,232,NA,NA,NA,NA,NA,NA,NA,NA,NA,NA,NA,NA,NA,NA,NA,NA
14394,Don Maynard,E,72,180,24.46343276524937,NA,1935-01-25,"Crosbyton, TX",NA,NA,Texas-El Paso,"Colorado, TX",New York Giants,9,109,1957,NA,1987,1958,1973,1,4,13,101,186,NA,NA,NA,NA,NA,NA,NA,NA,24,70,0,14,633,11834,88,87
4885,Larry Csonka,RB,75,237,29.684907854664193,NA,1946-12-25,"Stow, OH",NA,NA,Syracuse,"Stow, OH",Miami Dolphins,1,8,1968,NA,1987,1968,1979,2,5,11,73,146,NA,NA,NA,NA,NA,NA,NA,NA,1891,8081,64,54,106,820,4,65
13489,James Lofton,WR,75,192,24.04853294555074,NA,1956-07-05,"Fort Ord, CA",NA,NA,Stanford,"George Washington, CA",Green Bay Packers,1,6,1978,NA,2003,1978,1993,1,8,14,101,233,1,5,43,0,43,0,0,0,32,246,1,83,764,14004,75,80
5437,Joe DeLamielleure,G,75,254,31.814205042551496,NA,1951-03-16,"Detroit, MI",NA,NA,Michigan St.,"St. Clement, MI",Buffalo Bills,1,26,1973,NA,2003,1973,1985,3,6,12,87,185,NA,NA,NA,NA,NA,NA,NA,NA,NA,NA,NA,NA,NA,NA,NA,NA
12920,Yale Lary,DB,71,185,25.85621300798425,NA,1930-11-24,"Fort Worth, TX",2017-05-12,86.5232876712329,Texas A&M;,"North Side, TX",Detroit Lions,3,34,1952,NA,1979,1952,1964,3,9,11,65,133,0,4,0,0,0,0,NA,NA,10,153,0,32,NA,NA,NA,NA
8228,Otto Graham,QB,73,196,25.913151674475436,NA,1921-12-06,"Waukegan, IL",2003-12-17,82.0849315068493,Northwestern,"Waukegan, IL",Detroit Lions,1,4,1944,NA,1965,1946,1955,7,5,10,0,126,1464,2626,23584,174,99,135,NA,NA,405,882,44,36,NA,NA,NA,NA
20608,Emmitt Smith,RB,69,221,32.70423374590615,NA,1969-05-15,"Pensacola, FL",NA,NA,Florida,"Escambia, FL",Dallas Cowboys,1,17,1990,NA,2010,1990,2004,4,8,14,129,226,1,1,21,1,21,0,0,0,4409,18355,164,75,515,3224,11,86
9681,Arnie Herber,TB,71,203,28.371952652004342,NA,1910-04-02,"Green Bay, WI",1969-10-14,59.5753424657534,Wisconsin,"Green Bay West, WI",NA,NA,NA,NA,NA,1966,1930,1945,1,1,7,0,129,481,1175,8041,81,92,106,NA,NA,250,116,3,1,11,155,3,25
12859,Jim Langer,C,74,250,32.165214738823124,NA,1948-05-16,"Little Falls, MN",NA,NA,South Dakota St.,"Royalton, MN",NA,NA,NA,NA,NA,1987,1970,1981,4,6,8,89,151,NA,NA,NA,NA,NA,NA,NA,NA,NA,NA,NA,NA,NA,NA,NA,NA
14300,Bruce Matthews,G,77,305,36.2433451526312,NA,1961-08-08,"Raleigh, NC",NA,NA,USC,"Arcadia, CA",Houston Oilers,1,9,1983,NA,2007,1983,2001,7,14,19,134,296,NA,NA,NA,NA,NA,NA,NA,NA,NA,NA,NA,NA,0,0,0,0
25008,Gary Zimmerman,T,78,294,34.04615021530562,NA,1961-12-13,"Fullerton, CA",NA,NA,Oregon,"Walnut, CA",New York Giants,1,3,1984,NA,2008,1986,1997,3,7,12,100,184,NA,NA,NA,NA,NA,NA,NA,NA,NA,NA,NA,NA,NA,NA,NA,NA
1891,Mel Blount,DB,75,205,25.676819030405735,NA,1948-04-10,"Vidalia, GA",NA,NA,Southern,"Lyons, GA",Pittsburgh Steelers,3,53,1970,NA,1989,1970,1983,2,5,14,101,200,NA,NA,NA,NA,NA,NA,NA,NA,NA,NA,NA,NA,NA,NA,NA,NA
9755,Gene Hickerson,G,75,248,31.062688388003036,NA,1935-02-15,"Trenton, TN",2008-10-20,73.7287671232877,Mississippi,"Trezevant, TN",Cleveland Browns,7,78,1957,NA,2007,1958,1973,3,6,13,86,202,NA,NA,NA,NA,NA,NA,NA,NA,NA,NA,NA,NA,NA,NA,NA,NA
19437,Barry Sanders,RB,68,203,30.930582465128435,NA,1968-07-16,"Wichita, KS",NA,NA,Oklahoma St.,"North, KS",Detroit Lions,1,3,1989,NA,2004,1989,1998,6,10,10,121,153,1,4,11,0,11,1,0,0,3062,15269,99,85,352,2921,10,66
18468,Mel Renfro,DB,72,190,25.82251236331878,NA,1941-12-30,"Houston, TX",NA,NA,Oregon,"Jefferson, OR",Dallas Cowboys,2,17,1964,NA,1996,1964,1977,1,10,13,98,174,NA,NA,NA,NA,NA,NA,NA,NA,8,52,0,27,4,65,0,42
8430,Kevin Greene,LB,75,247,30.93743561224496,NA,1962-07-31,"New York, NY",NA,NA,Auburn,"Granite City South, IL",Los Angeles Rams,5,113,1985,NA,2016,1985,1999,2,5,11,94,228,NA,NA,NA,NA,NA,NA,NA,NA,NA,NA,NA,NA,NA,NA,NA,NA
156,Troy Aikman,QB,76,219,26.713255390751524,NA,1966-11-21,"West Covina, CA",NA,NA,Oklahoma,"Henryetta, OK",Dallas Cowboys,1,1,1989,NA,2006,1989,2000,0,6,11,97,165,2898,4715,32942,165,90,141,259,1748,327,1016,9,25,2,-19,0,0
18643,Les Richter,LB,75,238,29.81016063042227,NA,1930-10-06,"Fresno, CA",2010-06-12,79.7369863013699,California,"Fresno, CA",Dallas Texans,1,2,1952,NA,2011,1954,1962,1,8,7,18,112,NA,NA,NA,NA,NA,NA,NA,NA,0,8,0,8,NA,NA,NA,NA
20548,Bruce Smith,DE,76,262,31.95832380080776,NA,1963-06-18,"Norfolk, VA",NA,NA,Virginia Tech,"Booker T. Washington, VA",Buffalo Bills,1,1,1985,NA,2009,1985,2003,8,11,18,147,279,NA,NA,NA,NA,NA,NA,NA,NA,1,0,0,0,NA,NA,NA,NA
16971,Orlando Pace,T,79,325,36.6892694572559,NA,1975-11-04,"Sandusky, OH",NA,NA,Ohio St.,"Sandusky, OH",St. Louis Rams,1,1,1997,NA,2016,1997,2009,3,7,12,104,169,NA,NA,NA,NA,NA,NA,NA,NA,NA,NA,NA,NA,NA,NA,NA,NA
4428,George Connor,T,75,240,30.060666181938423,NA,1925-01-21,"Chicago, IL",2003-03-31,78.241095890411,Holy Cross,"De La Salle Institute, IL",New York Giants,1,5,1946,NA,1975,1948,1955,4,4,7,0,90,NA,NA,NA,NA,NA,NA,NA,NA,NA,NA,NA,NA,5,89,0,25
20372,Mike Singletary,LB,72,230,31.258830755596414,NA,1958-10-09,"Houston, TX",NA,NA,Baylor,"Evan E. Worthing, TX",Chicago Bears,2,38,1981,NA,1998,1981,1992,7,10,12,123,179,NA,NA,NA,NA,NA,NA,NA,NA,NA,NA,NA,NA,NA,NA,NA,NA
7166,Danny Fortmann,G,72,210,28.540671559457596,NA,1916-04-11,"Pearl River, NY",1995-05-23,79.1671232876712,Colgate,"Pearl River, NY",Chicago Bears,9,78,1936,NA,1965,1936,1943,6,3,8,0,86,NA,NA,NA,NA,NA,NA,NA,NA,NA,NA,NA,NA,NA,NA,NA,NA
9267,Marvin Harrison,WR,72,175,23.783892966214662,NA,1972-08-25,"Philadelphia, PA",NA,NA,Syracuse,"Roman Catholic, PA",Indianapolis Colts,1,19,1996,NA,2016,1996,2008,3,8,12,124,190,NA,NA,NA,NA,NA,NA,NA,NA,10,28,0,15,1102,14580,128,80
323,Marcus Allen,RB,74,210,27.018780380611425,NA,1960-03-26,"San Diego, CA",NA,NA,USC,"Abraham Lincoln, CA",Los Angeles Raiders,1,10,1982,NA,2003,1982,1997,2,6,12,103,222,12,27,282,6,47,1,6,32,3022,12243,123,61,587,5411,21,92
22749,Johnny Unitas,QB,73,194,25.648731759429772,NA,1933-05-07,"Pittsburgh, PA",2002-09-11,69.3945205479452,Louisville,"St. Justin's, PA",Pittsburgh Steelers,9,102,1955,NA,1979,1956,1973,5,10,14,114,211,2830,5186,40239,290,89,253,74,590,450,1777,13,34,1,1,0,1
5959,Paddy Driscoll,HB,71,160,22.36213016906746,NA,1895-01-11,"Evanston, IL",1968-06-29,73.5123287671233,Northwestern,"Evanston Twp., IL",NA,NA,NA,NA,NA,1965,1920,1929,6,0,9,0,118,NA,NA,NA,NA,NA,NA,NA,NA,0,0,25,0,0,0,4,0
16174,Joe Namath,QB,74,200,25.7321717910585,NA,1943-05-31,"Beaver Falls, PA",NA,NA,Alabama,"Beaver Falls, PA",New York Jets,1,1,1965,NA,1985,1965,1977,1,5,9,94,140,1886,3762,27663,173,91,220,109,1052,71,140,7,39,NA,NA,NA,NA
22333,Andre Tippett,LB,75,240,30.060666181938423,NA,1959-12-27,"Birmingham, AL",NA,NA,Iowa,"Barringer, NJ",New England Patriots,2,41,1982,NA,2008,1982,1993,2,5,10,90,151,NA,NA,NA,NA,NA,NA,NA,NA,NA,NA,NA,NA,NA,NA,NA,NA
3963,Dutch Clark,TB,72,185,25.142972564284072,NA,1906-10-11,"Fowler, CO",1978-08-05,71.8657534246575,Colorado Col.,"Central, CO",NA,NA,NA,NA,NA,1963,1931,1938,6,0,5,0,75,114,250,1507,11,0,26,NA,NA,606,2772,36,0,28,341,6,23
23517,Mike Webster,C,73,255,33.71353916832264,NA,1952-03-18,"Tomahawk, WI",2002-09-24,50.5534246575342,Wisconsin,"Rhinelander, WI",Pittsburgh Steelers,5,125,1974,NA,1997,1974,1990,5,9,14,116,245,NA,NA,NA,NA,NA,NA,NA,NA,NA,NA,NA,NA,NA,NA,NA,NA
24600,Willie Wood,DB,70,190,27.319164100294802,NA,1936-12-23,"Washington, DC",NA,NA,USC,"Armstrong, DC",NA,NA,NA,NA,NA,1989,1960,1971,5,8,11,92,166,NA,NA,NA,NA,NA,NA,NA,NA,NA,NA,NA,NA,NA,NA,NA,NA
19662,Joe Schmidt,LB,73,220,29.08619065502345,NA,1932-01-19,"Pittsburgh, PA",NA,NA,Pittsburgh,"Brentwood, PA",Detroit Lions,7,86,1953,NA,1973,1953,1965,8,10,11,53,155,NA,NA,NA,NA,NA,NA,NA,NA,NA,NA,NA,NA,NA,NA,NA,NA
11555,Deacon Jones,DE,77,272,32.32193403775635,NA,1938-12-09,"Eatonville, FL",2013-06-03,74.5342465753425,South Carolina St.,"Hungerford, FL",Los Angeles Rams,14,186,1961,NA,1980,1961,1974,5,8,13,91,191,NA,NA,NA,NA,NA,NA,NA,NA,NA,NA,NA,NA,NA,NA,NA,NA
8427,Joe Greene,DT,76,275,33.54404215733639,NA,1946-09-24,"Temple, TX",NA,NA,North Texas,"Dunbar, TX",Pittsburgh Steelers,1,4,1969,NA,1987,1969,1981,5,10,12,104,181,NA,NA,NA,NA,NA,NA,NA,NA,NA,NA,NA,NA,NA,NA,NA,NA
1669,Elvin Bethea,DE,74,260,33.45182332837605,NA,1946-03-01,"Trenton, NJ",NA,NA,North Carolina A&T;,"Trenton Central, NJ",Houston Oilers,3,77,1968,NA,2003,1968,1983,0,8,14,65,210,NA,NA,NA,NA,NA,NA,NA,NA,NA,NA,NA,NA,NA,NA,NA,NA
18676,John Riggins,RB,74,230,29.59199755971727,NA,1949-08-04,"Centralia, KS",NA,NA,Kansas,"Centralia, KS",New York Jets,1,6,1971,NA,1992,1971,1985,1,1,12,91,175,0,2,0,0,0,0,0,0,2916,11352,104,66,250,2090,12,67
23803,Randy White,DT,76,257,31.34843212521983,NA,1953-01-15,"Pittsburgh, PA",NA,NA,Maryland,"Thomas McKean, DE",Dallas Cowboys,1,2,1975,NA,1994,1975,1988,7,9,11,116,209,NA,NA,NA,NA,NA,NA,NA,NA,NA,NA,NA,NA,NA,NA,NA,NA
22468,George Trafton,C,74,230,29.59199755971727,NA,1896-12-06,"Chicago, IL",1971-09-05,74.7945205479452,Notre Dame,"Oak Park, IL",NA,NA,NA,NA,NA,1964,1920,1932,2,0,9,0,148,NA,NA,NA,NA,NA,NA,NA,NA,NA,NA,NA,NA,NA,NA,NA,NA
22801,Norm Van Brocklin,QB,73,190,25.119891929338436,NA,1926-03-15,"Eagle Butte, SD",1983-05-02,57.1698630136986,Oregon,"Acalanes, CA",Los Angeles Rams,4,37,1949,NA,1971,1949,1960,1,9,9,17,140,1553,2895,23611,173,91,178,NA,NA,102,40,11,16,NA,NA,NA,NA
15380,Wayne Millner,E,73,189,24.987681971815604,NA,1913-01-31,"Boston, MA",1976-11-19,63.8438356164384,Notre Dame,"Salem, MA",Boston Redskins,8,65,1936,NA,1968,1936,1945,0,0,5,0,76,NA,NA,NA,NA,NA,NA,NA,NA,14,62,0,8,124,1578,12,78
20441,Jackie Slater,T,76,277,33.78799882757156,NA,1954-05-27,"Jackson, MS",NA,NA,Jackson St.,"Wingfield, MS",Los Angeles Rams,3,86,1976,NA,2001,1976,1995,0,7,13,87,259,NA,NA,NA,NA,NA,NA,NA,NA,NA,NA,NA,NA,NA,NA,NA,NA
16110,George Musso,G,74,262,33.70914504628663,NA,1910-04-08,"Collinsville, IL",2000-09-05,90.4739726027397,Millikin,"Collinsville, IL",NA,NA,NA,NA,NA,1982,1933,1944,1,3,9,0,128,NA,NA,NA,NA,NA,NA,NA,NA,NA,NA,NA,NA,NA,NA,NA,NA
3365,Tony Canadeo,HB,71,190,26.55502957576761,NA,1919-05-05,"Chicago, IL",2003-11-29,84.627397260274,Gonzaga,"Steinmetz, IL",Green Bay Packers,9,77,1941,NA,1974,1941,1952,1,0,8,0,116,105,268,1642,16,51,20,NA,NA,1025,4197,26,54,69,579,5,46
5605,Eric Dickerson,RB,75,220,27.555610666776886,NA,1960-09-02,"Sealy, TX",NA,NA,SMU,"Sealy, TX",Los Angeles Rams,1,2,1983,NA,1999,1983,1993,5,6,10,91,146,1,2,15,1,15,1,1,6,2996,13259,90,85,281,2137,6,50
18564,Jerry Rice,WR,74,200,25.7321717910585,NA,1962-10-13,"Crawford, MS",NA,NA,Miss. Valley St.,"B.L. Moor, MS",San Francisco 49ers,1,16,1985,NA,2010,1985,2004,10,13,18,159,303,3,10,71,1,41,1,0,0,87,645,10,43,1549,22895,197,96
22322,Mick Tingelhoff,C,74,237,30.49262357240432,NA,1940-05-22,"Lexington, NE",NA,NA,Nebraska,"Lexington, NE",NA,NA,NA,NA,NA,2015,1962,1978,5,6,17,102,240,NA,NA,NA,NA,NA,NA,NA,NA,NA,NA,NA,NA,NA,NA,NA,NA
13596,Ronnie Lott,DB,72,203,27.589315840809007,NA,1959-05-08,"Albuquerque, NM",NA,NA,USC,"Eisenhower, CA",San Francisco 49ers,1,8,1981,NA,2000,1981,1994,6,10,14,118,192,NA,NA,NA,NA,NA,NA,NA,NA,NA,NA,NA,NA,NA,NA,NA,NA
9949,Elroy Hirsch,E,74,190,24.445563201505575,NA,1923-06-17,"Wausau, WI",2004-01-28,80.6712328767123,Wisconsin,"Wausau, WI",Cleveland Rams,1,5,1945,NA,1968,1946,1957,2,3,9,0,127,12,22,156,1,0,2,NA,NA,207,687,3,51,387,7029,60,91
20547,Bruce Smith,DE,72,197,26.77386808196736,NA,1920-02-08,"Faribault, MN",1967-08-28,47.5835616438356,Minnesota,"Faribault, MN",Green Bay Packers,13,119,1942,NA,2009,1985,2003,8,11,18,147,279,NA,NA,NA,NA,NA,NA,NA,NA,1,0,0,0,NA,NA,NA,NA
9554,Mel Hein,C,74,225,28.94869326494081,NA,1909-08-22,"Redding, CA",1992-01-31,82.4986301369863,Washington St.,"Burlington, WA",NA,NA,NA,NA,NA,1963,1931,1945,5,4,15,0,170,0,1,0,0,0,0,NA,NA,1,1,0,1,2,20,0,13
20069,Art Shell,T,77,265,31.490119558843503,NA,1946-11-26,"Charleston, SC",NA,NA,Md-Eastern Shore,"Bonds-Wilson, SC",Oakland Raiders,3,80,1968,NA,1989,1968,1982,2,8,12,92,207,NA,NA,NA,NA,NA,NA,NA,NA,NA,NA,NA,NA,NA,NA,NA,NA
21043,Bob St. Clair,T,81,263,28.242009623091725,NA,1931-02-18,"San Francisco, CA",2015-04-20,84.2246575342466,San Francisco,"San Francisco Polytechnic, CA",San Francisco 49ers,3,32,1953,NA,1990,1953,1963,0,5,11,24,119,NA,NA,NA,NA,NA,NA,NA,NA,NA,NA,NA,NA,NA,NA,NA,NA
21633,Lynn Swann,WR,71,180,25.157396440200895,NA,1952-03-07,"Alcoa, TN",NA,NA,USC,"Junipero Serra, CA",Pittsburgh Steelers,1,21,1974,NA,2001,1974,1982,1,3,8,62,116,NA,NA,NA,NA,NA,NA,NA,NA,11,72,1,25,336,5462,51,68
21878,Lawrence Taylor,LB,75,237,29.684907854664193,NA,1959-02-04,"Williamsburg, VA",NA,NA,North Carolina,"Lafayette, VA",New York Giants,1,2,1981,NA,1999,1981,1993,8,10,13,137,184,NA,NA,NA,NA,NA,NA,NA,NA,NA,NA,NA,NA,NA,NA,NA,NA
16036,Anthony Munoz,T,78,278,32.19329850290804,NA,1958-08-19,"Ontario, CA",NA,NA,USC,"Chaffey, CA",Cincinnati Bengals,1,3,1980,NA,1998,1980,1992,9,11,12,133,185,NA,NA,NA,NA,NA,NA,NA,NA,NA,NA,NA,NA,7,18,4,12
18758,Willie Roaf,T,77,320,38.02580475030159,NA,1970-04-18,"Pine Bluff, AR",NA,NA,Louisiana Tech,"Pine Bluff, AR",New Orleans Saints,1,8,1993,NA,2012,1993,2005,3,11,12,107,189,NA,NA,NA,NA,NA,NA,NA,NA,NA,NA,NA,NA,NA,NA,NA,NA
19509,Warren Sapp,DT,74,303,38.98424026345363,NA,1972-12-19,"Orlando, FL",NA,NA,Miami (FL),"Apopka, FL",Tampa Bay Buccaneers,1,12,1995,NA,2013,1995,2007,4,7,12,117,198,NA,NA,NA,NA,NA,NA,NA,NA,NA,NA,NA,NA,4,39,2,18
7376,Benny Friedman,TB,70,183,26.312668580810254,NA,1905-03-18,"Cleveland, OH",1982-11-23,77.7369863013699,Michigan,"East Tech, OH",NA,NA,NA,NA,NA,2005,1927,1934,4,0,7,0,81,70,167,929,66,0,19,NA,NA,152,458,18,0,5,67,0,0
5632,Dan Dierdorf,T,75,275,34.44451333347111,NA,1949-06-29,"Canton, OH",NA,NA,Michigan,"Glenwood, OH",St. Louis Cardinals,2,43,1971,NA,1996,1971,1983,3,6,10,77,160,NA,NA,NA,NA,NA,NA,NA,NA,NA,NA,NA,NA,NA,NA,NA,NA
4899,Curley Culp,DT,74,265,34.09512762315251,NA,1946-03-10,"Yuma, AZ",NA,NA,Arizona St.,"Yuma, AZ",Denver Broncos,2,31,1968,NA,2013,1968,1981,1,6,11,76,179,NA,NA,NA,NA,NA,NA,NA,NA,NA,NA,NA,NA,NA,NA,NA,NA
12239,Bruiser Kinard,T,73,216,28.557350824932115,NA,1914-10-23,"Pelahatchie, MS",1985-09-07,70.9232876712329,Mississippi,"Central, MS",Brooklyn Dodgers,3,18,1938,NA,1971,1938,1947,4,5,8,0,101,NA,NA,NA,NA,NA,NA,NA,NA,NA,NA,NA,NA,5,62,1,36
15465,Bobby Mitchell,FL,72,192,26.094328282932658,NA,1935-06-06,"Hot Springs, AR",NA,NA,Illinois,"Langston, AR",Cleveland Browns,7,84,1958,NA,1983,1958,1968,1,4,10,88,148,3,3,61,1,23,0,NA,NA,513,2735,18,90,521,7954,65,99
11470,Charlie Joiner,WR,71,188,26.275502948654267,NA,1947-10-14,"Many, LA",NA,NA,Grambling St.,"William Oscar Boston, LA",Houston Oilers,4,93,1969,NA,1996,1969,1986,1,3,16,91,239,0,1,0,0,0,0,0,0,8,22,0,9,750,12146,65,87
11725,Walter Jones,T,77,315,37.431651551078126,NA,1974-01-19,"Aliceville, AL",NA,NA,Florida St.,"Aliceville, AL",Seattle Seahawks,1,6,1997,NA,2014,1997,2008,4,9,11,97,180,NA,NA,NA,NA,NA,NA,NA,NA,NA,NA,NA,NA,NA,NA,NA,NA
10351,Cal Hubbard,T,74,253,32.551197315689,NA,1900-10-31,"Keytesville, MO",1977-10-17,77.013698630137,Centenary,"Keytesville, MO",NA,NA,NA,NA,NA,1963,1927,1936,4,0,6,0,105,NA,NA,NA,NA,NA,NA,NA,NA,NA,NA,NA,NA,0,0,1,0
23914,Dave Wilcox,LB,75,241,30.185918957696497,NA,1942-09-29,"Ontario, OR",NA,NA,Boise St.,"Vale Union, OR",San Francisco 49ers,3,29,1964,NA,2000,1964,1974,2,7,11,73,153,NA,NA,NA,NA,NA,NA,NA,NA,NA,NA,NA,NA,NA,NA,NA,NA
18714,Jim Ringo,C,73,232,30.672710145297458,NA,1931-11-21,"Orange, NJ",2007-11-19,76.0465753424658,Syracuse,"Phillipsburg, NJ",Green Bay Packers,7,80,1953,NA,1981,1953,1967,6,10,14,78,187,NA,NA,NA,NA,NA,NA,NA,NA,0,13,0,13,NA,NA,NA,NA
19925,Lee Roy Selmon,DE,75,256,32.064710594067655,NA,1954-10-20,"Eufaula, OK",2011-09-04,56.9123287671233,Oklahoma,"Eufaula, OK",Tampa Bay Buccaneers,1,1,1976,NA,1995,1976,1984,1,6,9,73,121,NA,NA,NA,NA,NA,NA,NA,NA,NA,NA,NA,NA,NA,NA,NA,NA
18843,Dave Robinson,LB,75,245,30.68693006072881,NA,1941-05-03,"Mount Holly, NJ",NA,NA,Penn St.,"Moorestown, NJ",Green Bay Packers,1,14,1963,NA,2013,1963,1974,1,3,10,81,155,NA,NA,NA,NA,NA,NA,NA,NA,NA,NA,NA,NA,NA,NA,NA,NA
11819,Sonny Jurgensen,QB,71,202,28.23218933844767,NA,1934-08-23,"Wilmington, NC",NA,NA,Duke,"New Hanover, NC",Philadelphia Eagles,4,43,1957,NA,1983,1957,1974,2,5,10,107,218,2433,4262,32224,255,99,189,94,748,181,493,15,33,1,-3,0,0
22043,Emmitt Thomas,DB,74,192,24.70288491941616,NA,1943-06-03,"Angleton, TX",NA,NA,Bishop,"Marshall, TX",NA,NA,NA,NA,NA,2008,1966,1978,1,5,11,70,181,NA,NA,NA,NA,NA,NA,NA,NA,NA,NA,NA,NA,NA,NA,NA,NA
7134,Len Ford,DE,76,245,29.884692103808785,NA,1926-02-18,"Washington, DC",1972-03-14,46.0986301369863,Morgan St.,"Armstrong, DC",NA,NA,NA,NA,NA,1976,1948,1958,4,4,11,0,125,NA,NA,NA,NA,NA,NA,NA,NA,NA,NA,NA,NA,67,1175,8,0
12895,Steve Largent,WR,71,187,26.135739635097597,NA,1954-09-28,"Tulsa, OK",NA,NA,Tulsa,"Putnam City, OK",Houston Oilers,4,117,1976,NA,1995,1976,1989,1,7,14,103,200,2,7,29,0,18,0,0,0,17,83,1,21,819,13089,100,74
20332,O.J. Simpson,RB,74,212,27.27610209852201,NA,1947-07-09,"San Francisco, CA",NA,NA,USC,"Galileo, CA",Buffalo Bills,1,1,1969,NA,1985,1969,1979,5,6,11,98,135,6,16,110,1,34,0,1,11,2404,11236,61,94,203,2142,14,64
13812,John Mackey,TE,74,224,28.82003240598552,NA,1941-09-24,"Queens, NY",2011-07-06,69.827397260274,Syracuse,"Hempstead, NY",Baltimore Colts,2,19,1963,NA,1992,1963,1972,3,5,8,58,139,NA,NA,NA,NA,NA,NA,NA,NA,19,127,0,33,331,5236,38,89
5690,Mike Ditka,TE,75,228,28.557632872841502,NA,1939-10-18,"Carnegie, PA",NA,NA,Pittsburgh,"Aliquippa, PA",Chicago Bears,1,5,1961,NA,1988,1961,1972,2,5,8,56,158,NA,NA,NA,NA,NA,NA,NA,NA,2,2,0,11,427,5812,43,76
13678,Sid Luckman,QB,72,197,26.77386808196736,NA,1916-11-21,"Brooklyn, NY",1998-07-05,81.6739726027397,Columbia,"Erasmus Hall, NY",Chicago Bears,1,2,1939,NA,1965,1939,1950,5,3,10,0,128,904,1744,14686,137,86,132,NA,NA,204,-239,4,40,1,15,0,15
8920,Dan Hampton,DE,77,264,31.37128891899881,NA,1957-09-19,"Oklahoma City, OK",NA,NA,Arkansas,"Jacksonville, AR",Chicago Bears,1,4,1979,NA,2002,1979,1990,1,4,11,101,157,NA,NA,NA,NA,NA,NA,NA,NA,NA,NA,NA,NA,NA,NA,NA,NA
8356,Darrell Green,DB,69,184,27.22886429523408,NA,1960-02-15,"Houston, TX",NA,NA,Texas A&M-Kingsville;,"Jesse H. Jones, TX",Washington Redskins,1,28,1983,NA,2008,1983,2002,1,7,15,100,295,NA,NA,NA,NA,NA,NA,NA,NA,1,6,0,6,NA,NA,NA,NA
1725,Fred Biletnikoff,WR,73,190,25.119891929338436,NA,1943-02-23,"Erie, PA",NA,NA,Florida St.,"Erie Tech, PA",Oakland Raiders,2,11,1965,NA,1988,1965,1978,2,6,12,89,190,NA,NA,NA,NA,NA,NA,NA,NA,NA,NA,NA,NA,589,8974,76,82
2759,Willie Brown,DB,73,195,25.780941716952604,NA,1940-12-02,"Yazoo City, MS",NA,NA,Grambling St.,"Yazoo Training, MS",NA,NA,NA,NA,NA,1984,1963,1978,5,9,13,108,204,NA,NA,NA,NA,NA,NA,NA,NA,NA,NA,NA,NA,NA,NA,NA,NA
11304,Jimmy Johnson,DB,74,187,24.059580624639697,NA,1938-03-31,"Dallas, TX",NA,NA,UCLA,"Kingsburg, CA",San Francisco 49ers,1,6,1961,NA,1994,1961,1976,4,5,14,100,213,NA,NA,NA,NA,NA,NA,NA,NA,NA,NA,NA,NA,40,690,4,80
20135,Will Shields,G,75,315,39.454624363794174,NA,1971-09-15,"Fort Riley, KS",NA,NA,Nebraska,"Lawton, OK",Kansas City Chiefs,3,74,1993,NA,2015,1993,2006,2,12,13,113,224,NA,NA,NA,NA,NA,NA,NA,NA,NA,NA,NA,NA,1,4,0,4
20643,Jackie Smith,TE,76,235,28.66490875263292,NA,1940-02-23,"Columbia, MS",NA,NA,NW State (LA),"Kentwood, LA",St. Louis Cardinals,10,129,1963,NA,1994,1963,1978,0,5,13,73,210,0,3,0,0,0,1,0,0,38,327,3,37,480,7918,40,81
16915,Jim Otto,C,74,255,32.80851903359959,NA,1938-01-05,"Wausau, WI",NA,NA,Miami (FL),"Wausau, WI",NA,NA,NA,NA,NA,1980,1960,1974,10,12,15,106,210,NA,NA,NA,NA,NA,NA,NA,NA,NA,NA,NA,NA,NA,NA,NA,NA
8675,Ray Guy,P,75,195,24.424291272824966,NA,1949-12-22,"Swainsboro, GA",NA,NA,Southern Miss,"Thomson, GA",Oakland Raiders,1,23,1973,NA,2014,1973,1986,3,7,14,32,207,2,3,54,0,32,1,1,12,11,43,0,24,NA,NA,NA,NA
13540,Howie Long,DE,77,268,31.846611478377582,NA,1960-01-06,"Somerville, MA",NA,NA,Villanova,"Milford, MA",Oakland Raiders,2,48,1981,NA,2000,1981,1993,2,8,11,95,179,NA,NA,NA,NA,NA,NA,NA,NA,NA,NA,NA,NA,NA,NA,NA,NA
2724,Rosey Brown,T,75,255,31.939457818309577,NA,1932-10-20,"Charlottesville, VA",2004-06-09,71.6849315068493,Morgan St.,"Jefferson, VA",New York Giants,27,322,1953,NA,1975,1953,1965,6,9,13,50,162,NA,NA,NA,NA,NA,NA,NA,NA,NA,NA,NA,NA,NA,NA,NA,NA
13048,Dick LeBeau,DB,73,185,24.458842141724265,NA,1937-09-09,"London, OH",NA,NA,Ohio St.,"London, OH",Cleveland Browns,5,58,1959,NA,2010,1959,1972,0,3,12,79,185,NA,NA,NA,NA,NA,NA,NA,NA,NA,NA,NA,NA,NA,NA,NA,NA
7856,Frank Gifford,HB,73,197,26.045361631998272,NA,1930-08-16,"Santa Monica, CA",2015-08-09,85.0383561643836,USC,"Bakersfield, CA",New York Giants,1,11,1952,NA,1977,1952,1964,4,8,11,27,136,29,63,823,14,83,6,NA,NA,840,3609,34,79,367,5434,43,77
5361,Len Dawson,QB,72,190,25.82251236331878,NA,1935-06-20,"Alliance, OH",NA,NA,Purdue,"Alliance, OH",Pittsburgh Steelers,1,5,1957,NA,1987,1957,1975,2,7,12,110,211,2136,3741,28711,239,92,183,167,1423,294,1293,9,43,NA,NA,NA,NA
16983,Alan Page,DT,76,245,29.884692103808785,NA,1945-08-07,"Canton, OH",NA,NA,Notre Dame,"Central Catholic, OH",Minnesota Vikings,1,15,1967,NA,1988,1967,1981,6,9,15,135,218,NA,NA,NA,NA,NA,NA,NA,NA,NA,NA,NA,NA,NA,NA,NA,NA
5308,Terrell Davis,RB,71,206,28.791242592674354,NA,1972-10-28,"San Diego, CA",NA,NA,Long Beach St.,"Abraham Lincoln, CA",Denver Broncos,6,196,1995,NA,2017,1995,2001,3,3,4,72,78,NA,NA,NA,NA,NA,NA,NA,NA,1655,7607,60,71,169,1280,5,35
8495,Bob Griese,QB,73,190,25.119891929338436,NA,1945-02-03,"Evansville, IN",NA,NA,Purdue,"Rex Mundi, IN",Miami Dolphins,1,4,1967,NA,1990,1967,1980,2,8,12,105,161,1926,3429,25092,192,86,172,267,2318,261,994,7,35,NA,NA,NA,NA
21087,John Stallworth,WR,74,191,24.574224060460867,NA,1952-07-15,"Tuscaloosa, AL",NA,NA,Alabama A&M;,"Tuscaloosa, AL",Pittsburgh Steelers,4,82,1974,NA,2002,1974,1987,1,3,10,80,165,NA,NA,NA,NA,NA,NA,NA,NA,9,111,1,47,537,8723,63,74
14047,Dan Marino,QB,76,224,27.323147066339462,NA,1961-09-15,"Pittsburgh, PA",NA,NA,Pittsburgh,"Central Catholic, PA",Miami Dolphins,1,27,1983,NA,2005,1983,1999,3,9,16,145,242,4967,8358,61361,420,85,252,270,1930,301,87,9,15,1,-6,0,0
9495,Ed Healey,T,73,207,27.36746120722661,NA,1894-12-28,"Indian Orchard, MA",1978-12-08,84,Dartmouth,"Springfield Classical, MA",NA,NA,NA,NA,NA,1964,1920,1927,4,0,7,0,88,NA,NA,NA,NA,NA,NA,NA,NA,NA,NA,NA,NA,NA,NA,NA,NA
5334,Willie Davis,DE,75,243,30.43642450921265,NA,1934-07-24,"Lisbon, LA",NA,NA,Grambling St.,"Booker T. Washington, AR",Cleveland Browns,15,181,1956,NA,1981,1958,1969,5,5,11,94,162,NA,NA,NA,NA,NA,NA,NA,NA,NA,NA,NA,NA,NA,NA,NA,NA
12199,Walt Kiesling,G,75,260,32.56572169709996,NA,1903-05-27,"St. Paul, MN",1962-03-02,58.8054794520548,St. Thomas,"Cretin-Derham Hall, MN",NA,NA,NA,NA,NA,1966,1926,1938,1,0,7,0,125,NA,NA,NA,NA,NA,NA,NA,NA,NA,NA,NA,NA,NA,NA,NA,NA
13127,Tuffy Leemans,FB,72,195,26.50205216235348,NA,1912-11-12,"Superior, WI",1979-01-19,66.2301369863014,Oregon,"Central, WI",New York Giants,2,18,1936,NA,1978,1936,1943,1,2,8,0,80,167,383,2318,25,50,32,NA,NA,919,3132,17,75,28,422,3,50
23370,Bob Waterfield,QB,73,200,26.441991504566776,NA,1920-07-26,"Elmira, NY",1983-03-25,62.7041095890411,UCLA,"Van Nuys, CA",Cleveland Rams,5,42,1944,NA,1965,1945,1952,3,2,6,0,91,814,1617,11849,97,91,128,NA,NA,75,21,13,25,3,19,0,18
10264,Ken Houston,DB,75,197,24.67479682434112,NA,1944-11-12,"Lufkin, TX",NA,NA,Prairie View,"Paul L. Dunbar, TX",Houston Oilers,9,214,1967,NA,1986,1967,1980,2,12,13,96,196,NA,NA,NA,NA,NA,NA,NA,NA,NA,NA,NA,NA,NA,NA,NA,NA
15587,Art Monk,WR,75,210,26.30308290919612,NA,1957-12-05,"White Plains, NY",NA,NA,Syracuse,"White Plains, NY",Washington Redskins,1,18,1980,NA,2008,1980,1995,1,3,14,93,224,1,2,46,0,46,0,0,0,63,332,0,26,940,12721,68,79
320,Larry Allen,G,75,325,40.707152121374946,NA,1971-11-27,"Los Angeles, CA",NA,NA,Butte JC (CA),"Centennial, CA",Dallas Cowboys,2,46,1994,NA,2013,1994,2007,6,11,13,98,203,NA,NA,NA,NA,NA,NA,NA,NA,NA,NA,NA,NA,0,0,0,0
2492,Derrick Brooks,LB,72,235,31.93837055463112,NA,1973-04-18,"Pensacola, FL",NA,NA,Florida St.,"Booker T. Washington, FL",Tampa Bay Buccaneers,1,28,1995,NA,2014,1995,2008,5,11,13,141,224,NA,NA,NA,NA,NA,NA,NA,NA,NA,NA,NA,NA,NA,NA,NA,NA
10576,Don Hutson,E,73,183,24.194422226678597,NA,1913-01-31,"Pine Bluff, AR",1997-06-26,84.4575342465753,Alabama,"Pine Bluff, AR",NA,NA,NA,NA,NA,1963,1935,1945,8,4,8,0,116,1,11,38,1,38,2,NA,NA,62,284,3,27,488,7991,99,92
9618,Ted Hendricks,LB,79,220,24.835813171065528,NA,1947-11-01,"Guatemala City, Guatemala",NA,NA,Miami (FL),"Hialeah, FL",Baltimore Colts,2,33,1969,NA,1990,1969,1983,4,8,14,107,215,NA,NA,NA,NA,NA,NA,NA,NA,NA,NA,NA,NA,NA,NA,NA,NA
21053,Ken Stabler,QB,75,215,26.929346787986503,NA,1945-12-25,"Foley, AL",2015-07-08,69.5808219178082,Alabama,"Foley, AL",Oakland Raiders,2,52,1968,NA,2016,1970,1984,1,4,11,94,184,2270,3793,27938,194,88,222,281,2514,118,93,4,18,NA,NA,NA,NA
22604,Emlen Tunnell,DB,73,187,24.723262056769936,NA,1925-03-29,"Bryn Mawr, PA",1975-07-23,50.3506849315068,Toledo,"Radnor, PA",NA,NA,NA,NA,NA,1967,1948,1961,4,9,10,8,167,1,2,23,0,23,0,NA,NA,17,43,0,15,5,39,0,14
1274,Cliff Battles,TB,73,195,25.780941716952604,NA,1910-05-01,"Akron, OH",1981-04-28,71.041095890411,West Virginia Wesleyan,"Kenmore, OH",NA,NA,NA,NA,NA,1968,1932,1937,3,0,5,0,60,44,157,590,1,7,15,NA,NA,839,3511,23,75,38,546,4,0
3324,Earl Campbell,RB,71,232,32.42508874514782,NA,1955-03-29,"Tyler, TX",NA,NA,Texas,"John Tyler, TX",Houston Oilers,1,1,1978,NA,1991,1978,1985,3,5,7,68,115,1,3,57,1,57,1,0,0,2187,9407,74,81,121,806,0,66
2230,Terry Bradshaw,QB,75,215,26.929346787986503,NA,1948-09-02,"Shreveport, LA",NA,NA,Louisiana Tech,"Woodlawn, LA",Pittsburgh Steelers,1,1,1970,NA,1989,1970,1983,1,3,13,106,168,2025,3901,27989,212,90,210,307,2694,444,2257,32,39,0,1,0,1
3155,Jack Butler,DB,73,200,26.441991504566776,NA,1927-11-12,"Pittsburgh, PA",2013-05-11,85.5534246575343,St. Bonaventure,"Mount Carmel, Canada",NA,NA,NA,NA,NA,2012,1951,1959,3,4,8,0,103,NA,NA,NA,NA,NA,NA,NA,NA,NA,NA,NA,NA,7,102,4,33
12872,Willie Lanier,LB,73,245,32.3914395930943,NA,1945-08-21,"Clover, VA",NA,NA,Morgan St.,"Maggie L. Walker, VA",Kansas City Chiefs,2,50,1967,NA,1986,1967,1977,3,8,11,88,149,NA,NA,NA,NA,NA,NA,NA,NA,NA,NA,NA,NA,NA,NA,NA,NA
21515,Joe Stydahar,T,76,233,28.420952082397744,NA,1912-03-17,"Kaylor, PA",1977-03-23,65.0602739726027,Pittsburgh,"Shinnston, WV",Chicago Bears,1,6,1936,NA,1967,1936,1946,4,4,5,0,84,NA,NA,NA,NA,NA,NA,NA,NA,NA,NA,NA,NA,1,9,0,9
22804,Steve Van Buren,HB,72,200,27.181591961388186,NA,1920-12-28,"La Ceiba, Honduras",2012-08-23,91.7150684931507,LSU,"Warren Easton, LA",Philadelphia Eagles,1,5,1944,NA,1965,1944,1951,5,0,8,0,83,1,3,35,0,35,0,NA,NA,1320,5860,69,70,45,523,3,50
3560,Cris Carter,WR,75,202,25.301060703131505,NA,1965-11-25,"Troy, OH",NA,NA,Ohio St.,"Middletown, OH",Philadelphia Eagles,4,3,1987,NA,2013,1987,2002,2,8,13,98,234,0,1,0,0,0,0,0,0,13,41,0,11,1101,13899,130,80
8929,Chris Hanburger,LB,74,218,28.048067252253762,NA,1941-08-13,"Fort Bragg, NC",NA,NA,North Carolina,"Hampton, VA",Washington Redskins,18,245,1965,NA,2011,1965,1978,4,9,12,96,187,NA,NA,NA,NA,NA,NA,NA,NA,NA,NA,NA,NA,1,1,0,1
5518,Richard Dent,DE,77,265,31.490119558843503,NA,1960-12-13,"Atlanta, GA",NA,NA,Tennessee St.,"J.C. Murphy, GA",Chicago Bears,8,203,1983,NA,2011,1983,1997,1,4,10,96,203,NA,NA,NA,NA,NA,NA,NA,NA,NA,NA,NA,NA,NA,NA,NA,NA
8466,Forrest Gregg,T,76,249,30.372605444279134,NA,1933-10-18,"Birthright, TX",NA,NA,SMU,"Sulphur Springs, TX",Green Bay Packers,2,20,1956,NA,1977,1956,1971,7,9,11,89,193,NA,NA,NA,NA,NA,NA,NA,NA,NA,NA,NA,NA,NA,NA,NA,NA
21203,Jan Stenerud,K,74,187,24.059580624639697,NA,1942-11-26,"Fetsund, Norway",NA,NA,Montana St.,"Lillestrom, Norway",NA,NA,NA,NA,NA,1991,1967,1985,1,6,18,54,263,NA,NA,NA,NA,NA,NA,NA,NA,1,0,0,0,NA,NA,NA,NA
1281,Sammy Baugh,QB,74,182,23.416276329863233,NA,1914-03-17,"Temple, TX",2008-12-17,94.8191780821918,TCU,"Temple, TX",Washington Redskins,1,6,1937,NA,1963,1937,1952,4,6,13,0,165,1693,2995,21886,187,86,203,NA,NA,324,325,9,41,1,0,0,0
12972,Dante Lavelli,E,72,191,25.95842032312572,NA,1923-02-23,"Hudson, OH",2009-01-20,85.9671232876712,Ohio St.,"Hudson, OH",Los Angeles Rams,12,103,1947,NA,1975,1946,1956,0,3,11,0,123,NA,NA,NA,NA,NA,NA,NA,NA,2,23,0,14,386,6488,62,72
6298,Turk Edwards,T,74,255,32.80851903359959,NA,1907-09-28,"Mold, WA",1973-01-12,65.3369863013699,Washington St.,"Clarkston, WA",NA,NA,NA,NA,NA,1969,1932,1940,3,1,7,0,86,NA,NA,NA,NA,NA,NA,NA,NA,NA,NA,NA,NA,NA,NA,NA,NA
6441,John Elway,QB,75,215,26.929346787986503,NA,1960-06-28,"Port Angeles, WA",NA,NA,Stanford,"Granada Hills Charter, CA",Baltimore Colts,1,1,1983,NA,2004,1983,1998,0,9,16,138,234,4123,7250,51475,300,86,226,516,3785,774,3407,33,31,3,61,1,24
5335,Willie Davis,DE,72,180,24.46343276524937,NA,1967-10-10,"Little Rock, AR",NA,NA,Central Arkansas,"Altheimer, AR",NA,NA,NA,NA,NA,1981,1958,1969,5,5,11,94,162,NA,NA,NA,NA,NA,NA,NA,NA,NA,NA,NA,NA,NA,NA,NA,NA
12066,Jim Kelly,QB,75,217,27.179852339502656,NA,1960-02-14,"Pittsburgh, PA",NA,NA,Miami (FL),"East Brady, PA",Buffalo Bills,1,14,1983,NA,2002,1986,1996,1,5,11,103,160,2874,4779,35467,237,84,175,323,2427,304,1049,7,24,2,40,0,35
7204,Dan Fouts,QB,75,204,25.55156625464766,NA,1951-06-10,"San Francisco, CA",NA,NA,Oregon,"St. Ignatius, CA",San Diego Chargers,3,64,1973,NA,1993,1973,1987,2,6,14,122,181,3297,5604,43040,254,81,242,319,2304,224,476,13,32,1,0,0,0
6181,Kenny Easley,DB,75,206,25.802071806163813,NA,1959-01-15,"Chesapeake, VA",NA,NA,UCLA,"Oscar F. Smith, VA",Seattle Seahawks,1,4,1981,NA,2017,1981,1987,3,5,7,60,89,NA,NA,NA,NA,NA,NA,NA,NA,NA,NA,NA,NA,NA,NA,NA,NA
14025,Gino Marchetti,DE,76,244,29.7627137686912,NA,1927-01-02,"Smithers, WV",NA,NA,San Francisco,"Antioch, CA",Dallas Texans,2,14,1952,NA,1972,1952,1966,7,11,13,56,161,NA,NA,NA,NA,NA,NA,NA,NA,NA,NA,NA,NA,1,36,1,19
6757,Tom Fears,E,74,216,27.790745534343177,NA,1922-12-03,"Guadalajara, Mexico",2000-01-04,77.1397260273973,Santa Clara,"Manual Arts, CA",Cleveland Rams,11,103,1945,NA,1970,1948,1956,1,1,6,0,87,NA,NA,NA,NA,NA,NA,NA,NA,5,15,0,10,400,5397,38,80
21866,Jim Taylor,FB,74,232,29.849319277627856,NA,1934-06-27,"Rowden, TX",2005-02-25,70.7150684931507,Baylor,"Clyde, TX",Pittsburgh Steelers,3,29,1956,NA,1976,1958,1967,1,5,9,84,129,NA,NA,NA,NA,NA,NA,NA,NA,1941,8597,83,84,225,1756,10,41
22399,LaDainian Tomlinson,RB,70,221,31.77650140086922,NA,1979-06-23,"Rosebud, TX",NA,NA,TCU,"University, TX",San Diego Chargers,1,5,2001,NA,2017,2001,2011,3,5,10,128,170,8,12,143,7,38,0,2,3,3174,13684,145,85,624,4772,17,74
703,Doug Atkins,DE,80,257,28.29195999301089,NA,1930-05-08,"Humboldt, TN",2015-12-30,85.7041095890411,Tennessee,"Humboldt, TN",Cleveland Browns,1,11,1953,NA,1982,1953,1969,1,8,15,71,205,NA,NA,NA,NA,NA,NA,NA,NA,NA,NA,NA,NA,NA,NA,NA,NA
24307,Bill Willis,DG,74,213,27.404762957477303,NA,1921-10-05,"Columbus, OH",2007-11-27,86.2027397260274,Ohio St.,"East, OH",NA,NA,NA,NA,NA,1977,1946,1953,3,3,6,0,99,NA,NA,NA,NA,NA,NA,NA,NA,NA,NA,NA,NA,NA,NA,NA,NA
1641,Raymond Berry,E,74,187,24.059580624639697,NA,1933-02-27,"Corpus Christi, TX",NA,NA,Schreiner College,"Paris, TX",Baltimore Colts,20,232,1954,NA,1973,1955,1967,3,6,13,62,154,NA,NA,NA,NA,NA,NA,NA,NA,NA,NA,NA,NA,631,9275,68,70
13805,Tom Mack,G,75,250,31.31319393951919,NA,1943-11-01,"Cleveland, OH",NA,NA,Michigan,"Cleveland Heights, OH",Los Angeles Rams,1,2,1966,NA,1999,1966,1978,1,11,13,90,184,NA,NA,NA,NA,NA,NA,NA,NA,NA,NA,NA,NA,NA,NA,NA,NA
23807,Reggie White,DE,72,228,30.98701483598253,NA,1979-07-11,"Houston, TX",NA,NA,Oklahoma St.,"Liberty, TX",NA,NA,NA,NA,NA,2006,1985,2000,8,13,15,157,232,NA,NA,NA,NA,NA,NA,NA,NA,NA,NA,NA,NA,NA,NA,NA,NA
10393,Sam Huff,LB,73,230,30.40829023025179,NA,1934-10-04,"Edna Gas, WV",NA,NA,West Virginia,"Farmington, WV",New York Giants,3,30,1956,NA,1982,1956,1969,2,5,13,63,168,NA,NA,NA,NA,NA,NA,NA,NA,NA,NA,NA,NA,NA,NA,NA,NA
11704,Stan Jones,G,73,252,33.31690929575414,NA,1931-11-24,"Altoona, PA",2010-05-21,78.5424657534247,Maryland,"Lemoyne, PA",Chicago Bears,5,55,1953,NA,1991,1954,1966,3,7,12,39,157,NA,NA,NA,NA,NA,NA,NA,NA,NA,NA,NA,NA,NA,NA,NA,NA
12120,Cortez Kennedy,DT,75,305,38.20209660621341,NA,1968-08-23,"Osceola, AR",2017-05-23,48.7808219178082,Miami (FL),"Rivercrest, AR",Seattle Seahawks,1,3,1990,NA,2012,1990,2000,3,8,8,99,167,NA,NA,NA,NA,NA,NA,NA,NA,NA,NA,NA,NA,NA,NA,NA,NA
24831,Ron Yary,T,77,255,30.30181316039658,NA,1946-08-16,"Chicago, IL",NA,NA,USC,"Bellflower, CA",Minnesota Vikings,1,1,1968,NA,2001,1968,1982,6,7,12,97,207,NA,NA,NA,NA,NA,NA,NA,NA,NA,NA,NA,NA,1,5,0,5
6362,Carl Eller,DE,78,247,28.60339831013772,NA,1942-02-25,"Winston-Salem, NC",NA,NA,Minnesota,"Atkins, NC",Buffalo Bills,1,5,1964,NA,2004,1964,1979,5,6,15,123,225,NA,NA,NA,NA,NA,NA,NA,NA,NA,NA,NA,NA,NA,NA,NA,NA
10827,Rickey Jackson,LB,74,243,31.264588726136076,NA,1958-03-20,"Pahokee, FL",NA,NA,Pittsburgh,"Pahokee, FL",New Orleans Saints,2,51,1981,NA,2010,1981,1995,0,6,15,113,227,NA,NA,NA,NA,NA,NA,NA,NA,NA,NA,NA,NA,NA,NA,NA,NA
16323,Ernie Nevers,FB,72,204,27.72522380061595,NA,1903-06-11,"Willow River, MN",1976-05-03,72.9452054794521,Stanford,"Central, WI",NA,NA,NA,NA,NA,1963,1926,1931,5,0,5,0,54,NA,NA,NA,NA,NA,NA,NA,NA,0,0,38,0,NA,NA,NA,NA
8246,Red Grange,HB,72,180,24.46343276524937,NA,1903-06-13,"Forksville, PA",1991-01-28,87.6876712328767,Illinois,"Wheaton, IL",NA,NA,NA,NA,NA,1963,1925,1934,2,0,2,0,96,24,71,346,10,0,10,NA,NA,170,569,21,0,16,288,10,36
17412,Joe Perry,FB,72,200,27.181591961388186,NA,1927-01-22,"Stevens, AR",2011-04-25,84.3123287671233,Compton CC (CA),"David Starr Jordan, CA",NA,NA,NA,NA,NA,1969,1948,1963,2,3,11,15,181,3,11,79,1,34,0,NA,NA,1929,9723,71,78,260,2021,12,70
1883,Johnny Blood,TB,73,188,24.85547201429277,NA,1903-11-27,"New Richmond, WI",1985-11-28,82.0602739726027,Wisc-River Falls,"New Richmond, WI",NA,NA,NA,NA,NA,1963,1925,1938,0,0,8,0,137,24,70,299,4,0,5,NA,NA,120,386,5,0,67,1117,37,70
6010,Bill Dudley,HB,70,182,26.168883506598178,NA,1921-12-24,"Bluefield, VA",2010-02-04,88.1753424657534,Virginia,"Graham, VA",Pittsburgh Steelers,1,1,1942,NA,1966,1942,1953,1,3,8,0,90,81,222,985,6,38,17,NA,NA,765,3057,18,66,123,1383,18,80
3538,Harry Carson,LB,74,237,30.49262357240432,NA,1953-11-26,"Florence, SC",NA,NA,South Carolina St.,"McClenaghan, SC",New York Giants,4,105,1976,NA,2006,1976,1988,0,9,13,91,173,NA,NA,NA,NA,NA,NA,NA,NA,NA,NA,NA,NA,1,13,1,13
21143,Bart Starr,QB,73,197,26.045361631998272,NA,1934-01-09,"Montgomery, AL",NA,NA,Alabama,"Sidney Lanier, AL",Green Bay Packers,17,200,1956,NA,1977,1956,1971,1,4,13,90,196,1808,3149,24718,152,91,138,59,533,247,1308,15,39,NA,NA,NA,NA
9472,Mike Haynes,DB,74,192,24.70288491941616,NA,1953-07-01,"Denison, TX",NA,NA,Arizona St.,"John Marshall, CA",New England Patriots,1,5,1976,NA,1997,1976,1989,2,9,12,105,177,NA,NA,NA,NA,NA,NA,NA,NA,NA,NA,NA,NA,NA,NA,NA,NA
15949,Marion Motley,FB,73,232,30.672710145297458,NA,1920-06-05,"Leesburg, GA",1999-06-27,79.1123287671233,South Carolina St.,"McKinley, OH",NA,NA,NA,NA,NA,1968,1946,1955,2,1,7,0,106,0,3,0,0,0,0,NA,NA,828,4720,31,76,85,1107,7,78
12846,Night Train Lane,DB,73,194,25.648731759429772,NA,1928-04-16,"Austin, TX",2002-01-29,73.8383561643836,West. Nebraska CC-Scottsbluff,"L.C. Anderson, TX",NA,NA,NA,NA,NA,1974,1952,1965,3,7,12,57,157,NA,NA,NA,NA,NA,NA,NA,NA,NA,NA,NA,NA,8,253,1,98
22030,Derrick Thomas,LB,72,232,31.530646675210292,NA,1965-03-08,"Paducah, KY",NA,NA,Arkansas,"Tilghman, KY",NA,NA,NA,NA,NA,2009,1989,1999,2,9,11,109,169,NA,NA,NA,NA,NA,NA,NA,NA,NA,NA,NA,NA,NA,NA,NA,NA
13736,Link Lyman,T,74,233,29.977980136583152,NA,1898-11-30,"Table Rock, NE",1972-12-28,74.1260273972603,Nebraska,"McDonald Rural, KS",NA,NA,NA,NA,NA,1964,1922,1934,2,0,10,0,133,NA,NA,NA,NA,NA,NA,NA,NA,NA,NA,NA,NA,0,0,2,0
17742,Fritz Pollard,TB,69,165,24.41718809083491,NA,1894-01-27,"Chicago, IL",1986-05-11,92.345205479452,Bates,"Lane Tech, IL",NA,NA,NA,NA,NA,2005,1920,1926,1,0,6,0,49,NA,NA,NA,NA,NA,NA,NA,NA,0,0,11,0,0,0,1,0
827,Red Badgro,E,72,191,25.95842032312572,NA,1902-12-01,"Orillia, WA",1998-07-13,95.6794520547945,USC,"Kent, WA",NA,NA,NA,NA,NA,1981,1927,1936,0,0,7,0,94,NA,NA,NA,NA,NA,NA,NA,NA,NA,NA,NA,NA,35,560,7,13
2973,Nick Buoniconti,LB,71,220,30.747928982467755,NA,1940-12-15,"Springfield, MA",NA,NA,Notre Dame,"Cathedral, MA",Boston Patriots,13,102,1962,NA,2001,1962,1976,5,8,13,103,183,NA,NA,NA,NA,NA,NA,NA,NA,NA,NA,NA,NA,NA,NA,NA,NA
2648,Jim Brown,FB,74,232,29.849319277627856,NA,1936-02-17,"St. Simons Island, GA",NA,NA,Syracuse,"Manhasset, NY",Cleveland Browns,1,6,1957,NA,1971,1957,1965,8,9,9,108,118,4,12,117,3,39,0,NA,NA,2359,12312,106,80,262,2499,20,83
22629,Bulldog Turner,C,73,237,31.33375993291163,NA,1919-03-10,"Plains, TX",1998-10-30,79.6958904109589,Hardin-Simmons,"Newman, TX",Chicago Bears,1,7,1940,NA,1966,1940,1952,7,4,12,0,138,NA,NA,NA,NA,NA,NA,NA,NA,1,48,1,48,1,2,0,2
5807,Art Donovan,DT,74,263,33.83780590524192,NA,1925-06-05,"Bronx, NY",2013-08-04,88.2246575342466,Notre Dame,"Mount Saint Michael Academy, NY",New York Giants,22,204,1947,NA,1968,1950,1961,4,5,12,17,138,NA,NA,NA,NA,NA,NA,NA,NA,NA,NA,NA,NA,NA,NA,NA,NA
2760,Willie Brown,DB,72,188,25.550696443704897,NA,1942-03-21,"Tuscaloosa, AL",NA,NA,USC,"Long Beach Polytechnic, CA",Los Angeles Rams,3,32,1964,NA,1984,1963,1978,5,9,13,108,204,NA,NA,NA,NA,NA,NA,NA,NA,NA,NA,NA,NA,NA,NA,NA,NA
22031,Derrick Thomas,LB,75,243,30.43642450921265,NA,1967-01-01,"Miami, FL",2000-02-08,33.1260273972603,Alabama,"South Miami, FL",Kansas City Chiefs,1,4,1989,NA,2009,1989,1999,2,9,11,109,169,NA,NA,NA,NA,NA,NA,NA,NA,NA,NA,NA,NA,NA,NA,NA,NA
23540,Roger Wehrli,DB,72,190,25.82251236331878,NA,1947-11-26,"New Point, MO",NA,NA,Missouri,"King City, MO",St. Louis Cardinals,1,19,1969,NA,2007,1969,1982,3,7,13,82,193,0,1,0,0,0,0,1,11,5,45,1,19,NA,NA,NA,NA
24489,Kellen Winslow,TE,77,251,29.82649060101781,NA,1957-11-05,"St. Louis, MO",NA,NA,Missouri,"East St. Louis, IL",San Diego Chargers,1,13,1979,NA,1995,1979,1987,3,5,7,62,109,0,3,0,0,0,0,0,0,NA,NA,NA,NA,541,6741,45,67
24557,Alex Wojciechowicz,C,71,217,30.328639041797743,NA,1915-08-12,"South River, NJ",1992-07-13,76.972602739726,Fordham,"South River, NJ",Detroit Lions,1,6,1938,NA,1968,1938,1950,0,0,6,0,134,NA,NA,NA,NA,NA,NA,NA,NA,NA,NA,NA,NA,4,44,0,13
23270,Paul Warfield,WR,72,188,25.550696443704897,NA,1942-11-28,"Warren, OH",NA,NA,Ohio St.,"Warren G. Harding, OH",Cleveland Browns,1,11,1964,NA,1983,1964,1977,2,8,11,106,157,NA,NA,NA,NA,NA,NA,NA,NA,22,204,0,39,427,8565,85,86
24490,Kellen Winslow,TE,76,254,30.982497119867066,NA,1983-07-21,"San Diego, CA",NA,NA,Miami (FL),"Scripps Ranch, CA",Cleveland Browns,1,6,2004,NA,1995,1979,1987,3,5,7,62,109,0,3,0,0,0,0,0,0,NA,NA,NA,NA,541,6741,45,67
20007,Shannon Sharpe,TE,74,228,29.33467584180669,NA,1968-06-26,"Chicago, IL",NA,NA,Savannah St.,"Glennville, GA",Denver Broncos,7,192,1990,NA,2011,1990,2003,4,8,12,80,204,NA,NA,NA,NA,NA,NA,NA,NA,3,9,0,15,815,10060,62,82
11748,Henry Jordan,DT,74,248,31.90789302091254,NA,1935-01-26,"Emporia, VA",1977-02-21,42.1013698630137,Virginia,"Emporia, VA",Cleveland Browns,5,52,1957,NA,1995,1957,1969,5,4,11,94,163,NA,NA,NA,NA,NA,NA,NA,NA,NA,NA,NA,NA,NA,NA,NA,NA
15631,Warren Moon,QB,75,218,27.305105115260734,NA,1956-11-18,"Los Angeles, CA",NA,NA,Washington,"Alexander Hamilton, CA",NA,NA,NA,NA,NA,2006,1984,2000,0,9,15,119,208,3988,6823,49325,291,87,233,458,3415,543,1736,22,35,NA,NA,NA,NA
8772,Charles Haley,DE,77,252,29.9453212408625,NA,1964-01-06,"Gladys, VA",NA,NA,James Madison,"William Campbell, VA",San Francisco 49ers,4,96,1986,NA,2015,1986,1999,2,5,8,84,169,NA,NA,NA,NA,NA,NA,NA,NA,NA,NA,NA,NA,NA,NA,NA,NA
15706,Lenny Moore,HB,73,191,25.252101886861272,NA,1933-11-25,"Reading, PA",NA,NA,Penn St.,"Reading, PA",Baltimore Colts,1,9,1956,NA,1975,1956,1967,5,7,10,63,143,3,12,33,2,13,2,NA,NA,1069,5174,63,79,363,6039,48,82
1443,Bobby Bell,LB,75,217,27.179852339502656,NA,1962-02-07,"St. Paul, MN",NA,NA,Missouri,"Lee's Summit, MO",New York Jets,4,91,1984,NA,1983,1963,1974,6,9,12,103,168,NA,NA,NA,NA,NA,NA,NA,NA,NA,NA,NA,NA,NA,NA,NA,NA
23806,Reggie White,DE,76,296,36.105587194805715,NA,1970-03-22,"Baltimore, MD",NA,NA,Oklahoma St.,"Milford Mill, MD",San Diego Chargers,6,147,1992,NA,2006,1985,2000,8,13,15,157,232,NA,NA,NA,NA,NA,NA,NA,NA,NA,NA,NA,NA,NA,NA,NA,NA
22517,Charley Trippi,HB,72,186,25.27888052409101,NA,1922-12-14,"Pittston, PA",NA,NA,Georgia,"Pittston, PA",Chicago Cardinals,1,1,1945,NA,1968,1947,1955,1,2,7,0,99,205,434,2547,16,80,31,NA,NA,687,3506,23,59,130,1321,11,62
4756,Lou Creekmur,T,76,246,30.006670438926374,NA,1927-01-22,"Hopeland, NJ",2009-07-05,82.5068493150685,William & Mary,"Woodbridge, NJ",Philadelphia Eagles,26,243,1948,NA,1996,1950,1959,6,8,9,0,116,NA,NA,NA,NA,NA,NA,NA,NA,NA,NA,NA,NA,NA,NA,NA,NA
2743,Tim Brown,WR,72,195,26.50205216235348,NA,1966-07-22,"Dallas, TX",NA,NA,Notre Dame,"Woodrow Wilson, TX",Los Angeles Raiders,1,6,1988,NA,2015,1988,2004,0,9,13,104,255,NA,NA,NA,NA,NA,NA,NA,NA,50,190,1,19,1094,14934,100,80
17069,Ace Parker,TB,72,178,24.191616845635487,NA,1912-05-17,"Portsmouth, VA",2013-11-06,101.542465753425,Duke,"Woodrow Wilson, VA",Brooklyn Dodgers,2,13,1937,NA,1972,1937,1946,2,0,5,0,68,335,718,4698,30,75,50,NA,NA,498,1292,13,60,8,229,3,71
16739,Jonathan Ogden,T,81,340,36.510582782704134,NA,1974-07-31,"Washington, DC",NA,NA,UCLA,"St. Albans, DC",Baltimore Ravens,1,4,1996,NA,2013,1996,2007,4,11,11,93,177,NA,NA,NA,NA,NA,NA,NA,NA,NA,NA,NA,NA,2,2,2,1
12612,Paul Krause,DB,75,200,25.050555151615352,NA,1942-02-19,"Flint, MI",NA,NA,Iowa,"Bendle, MI",Washington Redskins,2,18,1964,NA,1998,1964,1979,3,8,15,113,226,1,2,11,1,11,0,0,0,1,0,0,0,2,17,0,13
14709,Hugh McElhenny,HB,73,195,25.780941716952604,NA,1928-12-31,"Los Angeles, CA",NA,NA,Washington,"George Washington, CA",San Francisco 49ers,1,9,1952,NA,1970,1952,1964,2,6,10,20,143,2,7,13,1,11,1,NA,NA,1124,5281,38,89,264,3247,20,77
20018,Billy Shaw,G,74,258,33.194501610465466,NA,1938-12-15,"Natchez, MS",NA,NA,Georgia Tech,"Carr Central, MS",Buffalo Bills,2,11,1961,NA,1999,1961,1969,5,8,8,57,119,NA,NA,NA,NA,NA,NA,NA,NA,NA,NA,NA,NA,NA,NA,NA,NA
13431,Larry Little,G,73,265,35.035638743550976,NA,1945-11-02,"Groveland, GA",NA,NA,Bethune-Cookman,"Booker T. Washington, FL",NA,NA,NA,NA,NA,1993,1967,1980,5,5,11,102,183,NA,NA,NA,NA,NA,NA,NA,NA,NA,NA,NA,NA,NA,NA,NA,NA
3880,Jack Christiansen,DB,73,205,27.103041292180944,NA,1928-12-20,"Sublette, KS",1986-06-29,57.5616438356164,Colorado St.,"Odd Fellows Orphanage, CO",Detroit Lions,6,69,1951,NA,1970,1951,1958,6,5,8,0,89,NA,NA,NA,NA,NA,NA,NA,NA,19,143,2,65,3,32,0,11
24659,Rod Woodson,DB,72,200,27.181591961388186,NA,1965-03-10,"Fort Wayne, IN",NA,NA,Purdue,"R. Nelson Snider, IN",Pittsburgh Steelers,1,10,1987,NA,2009,1987,2003,6,11,15,140,238,NA,NA,NA,NA,NA,NA,NA,NA,1,0,0,0,0,0,0,0
15526,Ron Mix,T,76,250,30.49458377939672,NA,1938-03-10,"Los Angeles, CA",NA,NA,USC,"Hawthorne, CA",Baltimore Colts,1,10,1960,NA,1979,1960,1971,9,8,9,82,142,NA,NA,NA,NA,NA,NA,NA,NA,NA,NA,NA,NA,NA,NA,NA,NA
3134,Dick Butkus,LB,75,245,30.68693006072881,NA,1942-12-09,"Chicago, IL",NA,NA,Illinois,"Chicago Vocational, IL",Chicago Bears,1,3,1965,NA,1979,1965,1973,5,8,9,78,119,NA,NA,NA,NA,NA,NA,NA,NA,1,28,0,28,NA,NA,NA,NA
19879,Junior Seau,LB,75,250,31.31319393951919,NA,1969-01-19,"San Diego, CA",2012-05-02,43.3123287671233,USC,"Oceanside, CA",San Diego Chargers,1,5,1990,NA,2015,1990,2009,6,12,15,127,268,NA,NA,NA,NA,NA,NA,NA,NA,NA,NA,NA,NA,2,8,0,6
24932,Jack Youngblood,DE,76,247,30.12864877404396,NA,1950-01-26,"Jacksonville, FL",NA,NA,Florida,"Jefferson Co., FL",Los Angeles Rams,1,20,1971,NA,2001,1971,1984,5,7,13,105,202,NA,NA,NA,NA,NA,NA,NA,NA,NA,NA,NA,NA,NA,NA,NA,NA
22758,Gene Upshaw,G,77,255,30.30181316039658,NA,1945-08-15,"Robstown, TX",2008-08-20,63.0575342465753,Texas A&M-Kingsville;,"Robstown, TX",Oakland Raiders,1,17,1967,NA,1987,1967,1981,5,7,14,109,217,NA,NA,NA,NA,NA,NA,NA,NA,NA,NA,NA,NA,NA,NA,NA,NA
22259,Jim Thorpe,TB,73,202,26.706411419612444,NA,1888-05-28,"Prague, OK",1953-03-28,64.8739726027397,Carlisle Indian,"Carlisle Indian School, PA",NA,NA,NA,NA,NA,1963,1920,1928,1,0,3,0,52,NA,NA,NA,NA,NA,NA,NA,NA,0,0,6,0,NA,NA,NA,NA
18331,Andre Reed,WR,74,190,24.445563201505575,NA,1964-01-29,"Allentown, PA",NA,NA,Kutztown Pennsylvania,"Louis E. Dieruff, PA",Buffalo Bills,4,86,1985,NA,2014,1985,2000,0,7,14,98,234,1,1,32,0,32,0,1,20,75,500,1,46,951,13198,87,83
6728,Marshall Faulk,RB,70,211,30.33865065874844,NA,1973-02-26,"New Orleans, LA",NA,NA,San Diego St.,"George Washington Carver, LA",Indianapolis Colts,1,2,1994,NA,2011,1994,2005,3,7,11,133,176,0,2,0,0,0,0,0,0,2836,12279,100,71,767,6875,36,85
16486,Leo Nomellini,DT,75,259,32.44046892134188,NA,1924-06-19,"Lucca, Italy",2000-10-17,76.3808219178082,Minnesota,"Crane, IL",San Francisco 49ers,1,11,1950,NA,1969,1950,1963,6,10,13,28,174,NA,NA,NA,NA,NA,NA,NA,NA,1,5,0,5,NA,NA,NA,NA
8600,Lou Groza,T,75,240,30.060666181938423,NA,1924-01-25,"Martins Ferry, OH",2000-11-29,76.8986301369863,Ohio St.,"Martins Ferry, OH",NA,NA,NA,NA,NA,1974,1946,1967,4,9,19,27,268,1,4,-7,0,0,1,NA,NA,NA,NA,NA,NA,1,23,1,23
18194,John Randle,DT,73,290,38.34088768162182,NA,1967-12-12,"Hearne, TX",NA,NA,Texas A&M-Kingsville;,"Hearne, TX",NA,NA,NA,NA,NA,2010,1990,2003,6,7,11,106,219,NA,NA,NA,NA,NA,NA,NA,NA,NA,NA,NA,NA,NA,NA,NA,NA
7693,Frank Gatski,C,75,233,29.183896751631888,NA,1919-03-18,"Farmington, WV",2005-11-22,86.7424657534247,Marshall,"Farmington, WV",NA,NA,NA,NA,NA,1985,1946,1957,3,1,10,0,144,NA,NA,NA,NA,NA,NA,NA,NA,NA,NA,NA,NA,NA,NA,NA,NA
16817,Merlin Olsen,DT,77,270,32.084272758066966,NA,1940-09-15,"Logan, UT",2010-03-11,69.5315068493151,Utah St.,"James Logan, UT",Denver Broncos,1,2,1962,NA,1982,1962,1976,5,14,15,112,208,NA,NA,NA,NA,NA,NA,NA,NA,NA,NA,NA,NA,NA,NA,NA,NA
1679,Jerome Bettis,RB,71,252,35.220355016281246,NA,1972-02-16,"Detroit, MI",NA,NA,Notre Dame,"MacKenzie, MI",Los Angeles Rams,1,10,1993,NA,2015,1993,2005,2,6,11,80,192,3,6,63,3,32,1,0,0,3479,13662,91,71,200,1449,3,34
10224,Paul Hornung,HB,74,215,27.662084675387884,NA,1935-12-23,"Louisville, KY",NA,NA,Notre Dame,"Flaget, KY",Green Bay Packers,1,1,1957,NA,1986,1957,1966,2,2,9,46,104,24,55,383,5,41,4,NA,NA,893,3711,50,72,130,1480,12,83
10662,Michael Irvin,WR,74,207,26.632797803745543,NA,1966-03-05,"Fort Lauderdale, FL",NA,NA,Miami (FL),"St. Thomas Aquinas, FL",Dallas Cowboys,1,11,1988,NA,2007,1988,1999,1,5,10,106,159,NA,NA,NA,NA,NA,NA,NA,NA,6,6,0,9,750,11904,65,87
14142,Curtis Martin,RB,71,210,29.350295846901044,NA,1973-05-01,"Pittsburgh, PA",NA,NA,Pittsburgh,"Alderdice, PA",New England Patriots,3,74,1995,NA,2012,1995,2005,1,5,11,100,168,2,2,36,2,18,0,1,4,3518,14101,90,70,484,3329,10,41
24918,Steve Young,QB,74,215,27.662084675387884,NA,1961-10-11,"Salt Lake City, UT",NA,NA,BYU,"Greenwich, CT",Tampa Bay Buccaneers,1,1,1984,NA,2005,1985,1999,3,7,9,135,169,2667,4149,33124,232,97,107,358,2055,722,4239,43,49,2,2,0,6
5382,Fred Dean,DE,75,230,28.808138424357654,NA,1952-02-24,"Arcadia, LA",NA,NA,Louisiana Tech,"Ruston, LA",San Diego Chargers,2,33,1975,NA,2008,1975,1985,2,4,6,59,141,NA,NA,NA,NA,NA,NA,NA,NA,NA,NA,NA,NA,NA,NA,NA,NA
21100,Dick Stanfel,G,75,236,29.559655078906115,NA,1927-07-20,"San Francisco, CA",2015-06-22,87.9835616438356,San Francisco,"Commerce, CA",Detroit Lions,2,19,1951,NA,2016,1952,1958,5,5,7,0,73,NA,NA,NA,NA,NA,NA,NA,NA,NA,NA,NA,NA,NA,NA,NA,NA
23805,Reggie White,DE,77,291,34.579716194805506,NA,1961-12-19,"Chattanooga, TN",2004-12-26,43.0493150684932,Tennessee,"Howard, TN",Philadelphia Eagles,1,4,1984,NA,2006,1985,2000,8,13,15,157,232,NA,NA,NA,NA,NA,NA,NA,NA,NA,NA,NA,NA,NA,NA,NA,NA
19441,Charlie Sanders,TE,76,225,27.445125401457048,NA,1946-08-25,"Richlands, NC",2015-07-02,68.8986301369863,Minnesota,"James B. Dudley, NC",Detroit Lions,3,74,1968,NA,2007,1968,1977,3,7,9,53,128,NA,NA,NA,NA,NA,NA,NA,NA,4,-6,0,2,336,4817,31,54
13425,Floyd Little,RB,70,196,28.18187454556727,NA,1942-07-04,"New Haven, CT",NA,NA,Syracuse,"James Hillhouse, CT",Denver Broncos,1,6,1967,NA,2010,1967,1975,1,5,9,70,117,2,9,43,1,35,0,1,5,1641,6323,43,80,215,2418,9,74
16355,Ozzie Newsome,TE,74,232,29.849319277627856,NA,1956-03-16,"Muscle Shoals, AL",NA,NA,Alabama,"Colbert Co., AL",Cleveland Browns,1,23,1978,NA,1999,1978,1990,1,3,13,59,198,NA,NA,NA,NA,NA,NA,NA,NA,18,135,2,33,662,7980,47,74
24395,Larry Wilson,DB,72,190,25.82251236331878,NA,1938-03-24,"Rigby, ID",NA,NA,Utah,"Rigby, ID",St. Louis Cardinals,7,74,1960,NA,1978,1960,1972,5,8,13,85,169,0,2,0,0,0,0,0,0,5,36,1,35,NA,NA,NA,NA
23552,Arnie Weinmeister,DT,76,235,28.66490875263292,NA,1923-03-23,"Rhein, Canada",2000-06-28,77.3205479452055,Washington,"Jefferson, OR",Bos/Bkn Yanks/Tigers,17,166,1945,NA,1984,1948,1953,5,4,6,0,71,NA,NA,NA,NA,NA,NA,NA,NA,NA,NA,NA,NA,1,16,0,16
12801,Jack Lambert,LB,76,220,26.835233725869113,NA,1952-07-08,"Mantua, OH",NA,NA,Kent St.,"Mantua, OH",Pittsburgh Steelers,2,46,1974,NA,1990,1974,1984,6,9,10,110,146,NA,NA,NA,NA,NA,NA,NA,NA,NA,NA,NA,NA,NA,NA,NA,NA
9429,Bob Hayes,SE,72,187,25.414788483897954,NA,1942-12-20,"Jacksonville, FL",2002-09-18,59.786301369863,Florida A&M;,"Matthew W. Gilbert, FL",Dallas Cowboys,7,88,1964,NA,2009,1965,1975,2,3,8,81,132,NA,NA,NA,NA,NA,NA,NA,NA,24,68,2,13,371,7414,71,95
1442,Bobby Bell,LB,76,228,27.81106040680981,NA,1940-06-17,"Shelby, NC",NA,NA,Minnesota,"Cleveland, NC",Minnesota Vikings,2,16,1963,NA,1983,1963,1974,6,9,12,103,168,NA,NA,NA,NA,NA,NA,NA,NA,NA,NA,NA,NA,NA,NA,NA,NA
9661,Pete Henry,T,71,245,34.24201182138455,NA,1897-10-31,"Mansfield, OH",1952-02-07,54.3041095890411,Washington & Jefferson,"Mansfield, OH",NA,NA,NA,NA,NA,1963,1920,1928,4,0,7,0,86,NA,NA,NA,NA,NA,NA,NA,NA,NA,NA,NA,NA,0,0,1,0
12065,Jim Kelly,QB,76,212,25.859407044928417,NA,1951-08-07,"Columbia, TN",NA,NA,Tennessee St.,"Columbia Central, TN",NA,NA,NA,NA,NA,2002,1986,1996,1,5,11,103,160,2874,4779,35467,237,84,175,323,2427,304,1049,7,24,2,40,0,35
110,Herb Adderley,DB,72,205,27.86113176042289,NA,1939-06-08,"Philadelphia, PA",NA,NA,Michigan St.,"Northeast, PA",Green Bay Packers,1,12,1961,NA,1980,1961,1972,4,5,12,106,164,NA,NA,NA,NA,NA,NA,NA,NA,NA,NA,NA,NA,NA,NA,NA,NA
15202,Mike Michalske,G,72,210,28.540671559457596,NA,1903-04-24,"Cleveland, OH",1983-10-26,80.5616438356164,Penn St.,"West Tech, OH",NA,NA,NA,NA,NA,1964,1927,1937,5,0,9,0,122,NA,NA,NA,NA,NA,NA,NA,NA,NA,NA,NA,NA,NA,NA,NA,NA
16163,Bronko Nagurski,FB,74,226,29.077354123896104,NA,1908-11-03,"Rainy River, Canada",1990-01-07,81.2328767123288,Minnesota,"Bemidji, MN",NA,NA,NA,NA,NA,1963,1930,1943,4,0,7,0,97,32,77,474,7,35,9,NA,NA,633,2778,25,11,11,134,0,23
11312,John Henry Johnson,FB,74,210,27.018780380611425,NA,1929-11-24,"Waterproof, LA",2011-06-03,81.5780821917808,St. Mary's (CA),"Pittsburg, CA",Pittsburgh Steelers,2,18,1953,NA,1987,1954,1966,0,4,8,41,143,2,5,25,2,15,1,NA,NA,1571,6803,48,87,186,1478,7,53
12070,Leroy Kelly,RB,72,202,27.453407881002068,NA,1942-05-20,"Philadelphia, PA",NA,NA,Morgan St.,"Simon Gratz, PA",Cleveland Browns,8,110,1964,NA,1994,1964,1973,3,6,8,87,136,3,16,93,2,36,0,1,7,1727,7274,74,70,190,2281,13,68
2876,Buck Buchanan,DT,79,270,30.480316164489512,NA,1939-09-10,"Gainesville, AL",1992-07-16,52.8849315068493,Grambling St.,"A.H. Parker, AL",Kansas City Chiefs,1,1,1963,NA,1990,1963,1975,4,8,13,93,182,NA,NA,NA,NA,NA,NA,NA,NA,NA,NA,NA,NA,NA,NA,NA,NA
8958,John Hannah,G,74,265,34.09512762315251,NA,1951-04-04,"Canton, GA",NA,NA,Alabama,"Albertville, AL",New England Patriots,1,4,1973,NA,1991,1973,1985,7,9,13,111,183,NA,NA,NA,NA,NA,NA,NA,NA,NA,NA,NA,NA,NA,NA,NA,NA
14568,Mike McCormack,T,76,246,30.006670438926374,NA,1930-06-21,"Chicago, IL",2013-11-15,83.4602739726027,Kansas,"De La Salle, KS",New York Yanks,3,34,1951,NA,1984,1951,1962,0,6,10,27,119,NA,NA,NA,NA,NA,NA,NA,NA,0,8,0,4,NA,NA,NA,NA
19574,Gale Sayers,RB,72,198,26.9097760417743,NA,1943-05-30,"Wichita, KS",NA,NA,Kansas,"Central, NE",Chicago Bears,1,4,1965,NA,1977,1965,1971,5,4,5,59,68,4,18,111,1,39,2,1,3,991,4956,39,70,112,1307,9,80
18928,Andy Robustelli,DE,73,230,30.40829023025179,NA,1925-12-06,"Stamford, CT",2011-05-31,85.5397260273973,Arnold,"Stamford, CT",Los Angeles Rams,19,228,1951,NA,1971,1951,1964,6,7,14,43,175,NA,NA,NA,NA,NA,NA,NA,NA,NA,NA,NA,NA,2,75,1,49
2552,Bob Brown,T,76,280,34.153933832924324,NA,1941-12-08,"Cleveland, OH",NA,NA,Nebraska,"East Tech, OH",Philadelphia Eagles,1,2,1964,NA,2004,1964,1973,5,6,10,77,126,NA,NA,NA,NA,NA,NA,NA,NA,NA,NA,NA,NA,NA,NA,NA,NA
14428,George McAfee,HB,72,178,24.191616845635487,NA,1918-03-13,"Corbin, KY",2009-03-04,91.0383561643836,Duke,"Ironton, OH",Philadelphia Eagles,1,2,1940,NA,1966,1940,1950,1,1,4,0,75,6,22,94,3,44,1,NA,NA,341,1685,21,70,85,1359,11,65
14287,Ollie Matson,RB,74,220,28.305388970164348,NA,1930-05-01,"Trinity, TX",2011-02-19,80.8602739726027,San Francisco,"George Washington, CA",Chicago Cardinals,1,3,1952,NA,1972,1952,1966,5,6,9,17,169,5,15,119,0,43,1,NA,NA,1170,5173,40,79,222,3285,23,96
21867,Jim Taylor,FB,72,214,29.08430339868536,NA,1935-09-20,"Baton Rouge, LA",NA,NA,LSU,"Baton Rouge, LA",Green Bay Packers,2,15,1958,NA,1976,1958,1967,1,5,9,84,129,NA,NA,NA,NA,NA,NA,NA,NA,1941,8597,83,84,225,1756,10,41
7760,Bill George,LB,74,237,30.49262357240432,NA,1929-10-27,"Waynesburg, PA",1982-09-30,52.9616438356164,Wake Forest,"Waynesburg, PA",Chicago Bears,2,23,1951,NA,1974,1952,1966,8,8,14,59,173,NA,NA,NA,NA,NA,NA,NA,NA,NA,NA,NA,NA,NA,NA,NA,NA
19448,Deion Sanders,DB,73,195,25.780941716952604,NA,1967-08-09,"Fort Myers, FL",NA,NA,Florida St.,"North Fort Myers, FL",Atlanta Falcons,1,5,1989,NA,2011,1989,2005,6,8,12,114,188,0,2,0,0,0,0,0,0,9,-14,0,8,60,784,3,70
1853,George Blanda,QB,74,215,27.662084675387884,NA,1927-09-17,"Youngwood, PA",2010-09-27,83.0849315068493,Kentucky,"Youngwood, PA",Chicago Bears,12,119,1949,NA,1981,1949,1975,1,4,19,95,340,1911,4007,26920,236,95,277,12,94,135,344,9,19,1,-16,0,7
16434,Ray Nitschke,LB,75,235,29.43440230314804,NA,1936-12-29,"Elmwood Park, IL",1998-03-08,61.2301369863014,Illinois,"Proviso East, IL",Green Bay Packers,3,36,1958,NA,1978,1958,1972,2,1,13,94,190,NA,NA,NA,NA,NA,NA,NA,NA,NA,NA,NA,NA,1,34,0,34
1137,Lem Barney,DB,72,188,25.550696443704897,NA,1945-09-08,"Gulfport, MS",NA,NA,Jackson St.,"33rd Avenue, MS",Detroit Lions,2,34,1967,NA,1992,1967,1977,2,7,11,99,140,NA,NA,NA,NA,NA,NA,NA,NA,5,45,0,27,NA,NA,NA,NA
399,Morten Andersen,K,74,217,27.91940639329847,NA,1960-08-19,"Copenhagen, Denmark",NA,NA,Michigan St.,"Ben Davis, IN",New Orleans Saints,4,86,1982,NA,2017,1982,2007,3,7,24,51,382,NA,NA,NA,NA,NA,NA,NA,NA,NA,NA,NA,NA,NA,NA,NA,NA
6745,Brett Favre,QB,74,225,28.94869326494081,NA,1969-10-10,"Gulfport, MS",NA,NA,Southern Miss,"Hancock North Central, MS",Atlanta Falcons,2,33,1991,NA,2016,1991,2010,3,11,19,156,302,6300,10169,71838,508,99,336,525,3487,602,1844,14,40,2,-7,0,2
22343,Y.A. Tittle,QB,72,192,26.094328282932658,NA,1926-10-24,"Marshall, TX",2017-10-08,91.0191780821918,LSU,"Marshall, TX",Detroit Lions,1,6,1948,NA,1971,1948,1964,3,7,13,44,204,2427,4395,33070,242,80,248,NA,NA,372,1245,39,45,1,4,0,4
9742,Bill Hewitt,E,69,190,28.116762043991713,NA,1909-10-08,"Bay City, MI",1947-01-14,37.2931506849315,Michigan,"Central, MI",NA,NA,NA,NA,NA,1971,1932,1943,4,0,7,0,101,5,10,63,3,34,0,NA,NA,8,36,1,29,103,1638,23,45
21155,Roger Staubach,QB,75,197,24.67479682434112,NA,1942-02-05,"Cincinnati, OH",NA,NA,New Mex. Mil. Inst.,"Purcell Marian, OH",Kansas City Chiefs,16,122,1964,NA,1985,1969,1979,0,6,8,105,131,1685,2958,22700,153,91,109,313,2154,410,2264,20,33,1,-13,0,0
10457,Claude Humphrey,DE,76,252,30.73854044963189,NA,1944-06-29,"Memphis, TN",NA,NA,Tennessee St.,"Lester, TN",Atlanta Falcons,1,3,1968,NA,2014,1968,1981,2,6,10,72,171,NA,NA,NA,NA,NA,NA,NA,NA,NA,NA,NA,NA,NA,NA,NA,NA
24754,Rayfield Wright,T,78,255,29.529824166336514,NA,1945-08-23,"Griffin, GA",NA,NA,Fort Valley St.,"Fairmont, GA",Dallas Cowboys,7,182,1967,NA,2006,1967,1979,3,6,8,82,166,NA,NA,NA,NA,NA,NA,NA,NA,1,-10,0,0,2,27,1,15
23089,Doak Walker,HB,71,173,24.17905324530419,NA,1927-01-01,"Dallas, TX",1998-09-27,71.786301369863,SMU,"Highland Park, TX",New York Bulldogs,1,3,1949,NA,1986,1950,1955,4,5,4,0,67,7,28,75,2,23,2,NA,NA,309,1520,12,51,152,2539,21,83
23279,Kurt Warner,QB,74,220,28.305388970164348,NA,1971-06-22,"Burlington, IA",NA,NA,Northern Iowa,"Regis, IA",NA,NA,NA,NA,NA,2017,1998,2009,2,4,8,96,124,2666,4070,32344,208,85,128,260,1669,173,286,3,23,1,0,0,0
24917,Steve Young,QB,80,272,29.943241704665223,NA,1953-07-18,"Spokane, WA",NA,NA,Colorado,"Chaffey, CA",Tampa Bay Buccaneers,3,61,1976,NA,2005,1985,1999,3,7,9,135,169,2667,4149,33124,232,97,107,358,2055,722,4239,43,49,2,2,0,6
5355,Dermontti Dawson,C,74,288,37.05432737912424,NA,1965-06-17,"Lexington, KY",NA,NA,Kentucky,"Bryan Station, KY",Pittsburgh Steelers,2,44,1988,NA,2012,1988,2000,6,7,10,97,184,NA,NA,NA,NA,NA,NA,NA,NA,NA,NA,NA,NA,NA,NA,NA,NA
370,Lance Alworth,FL,72,184,25.00706460447713,NA,1940-08-03,"Houston, TX",NA,NA,Arkansas,"Brookhaven, MS",San Francisco 49ers,1,8,1962,NA,1978,1962,1972,6,7,10,98,137,1,2,-11,0,0,0,0,0,24,129,2,35,542,10266,85,85
17270,Walter Payton,RB,70,200,28.757014842415582,NA,1954-07-25,"Columbia, MS",1999-11-01,45.3013698630137,Jackson St.,"Columbia, MS",Chicago Bears,1,4,1975,NA,1993,1975,1987,5,9,13,128,190,11,34,331,8,56,6,0,0,3838,16726,110,76,492,4538,15,75
13019,Bobby Layne,QB,73,201,26.57420146208961,NA,1926-12-19,"Santa Anna, TX",1986-12-01,59.9917808219178,Texas,"Highland Park, TX",Chicago Bears,1,3,1948,NA,1967,1948,1962,2,6,13,20,175,1814,3700,26768,196,97,243,NA,NA,611,2451,25,36,NA,NA,NA,NA
21413,Michael Strahan,DE,77,275,32.67842595729043,NA,1971-11-21,"Houston, TX",NA,NA,Texas Southern,"Westbury, TX",New York Giants,2,40,1993,NA,2014,1993,2007,4,7,14,121,216,NA,NA,NA,NA,NA,NA,NA,NA,NA,NA,NA,NA,NA,NA,NA,NA
3651,Dave Casper,TE,76,240,29.27480042822085,NA,1951-09-26,"Bemidji, MN",NA,NA,Notre Dame,"Chilton, WI",Oakland Raiders,2,45,1974,NA,2002,1974,1984,4,5,6,52,147,0,1,0,0,0,0,0,0,6,27,0,8,378,5216,52,52
22128,Thurman Thomas,RB,70,200,28.757014842415582,NA,1966-05-16,"Houston, TX",NA,NA,Oklahoma St.,"Willowridge, TX",Buffalo Bills,2,40,1988,NA,2007,1988,2000,2,5,10,112,182,0,1,0,0,0,0,1,2,2877,12074,65,80,472,4458,23,74
8860,Jack Ham,LB,73,225,29.747240442637622,NA,1948-12-23,"Johnstown, PA",NA,NA,Penn St.,"Bishop McCort, PA",Pittsburgh Steelers,2,34,1971,NA,1988,1971,1982,6,8,12,114,162,NA,NA,NA,NA,NA,NA,NA,NA,NA,NA,NA,NA,NA,NA,NA,NA
8678,Joe Guyon,WB,70,195,28.03808947135519,NA,1892-10-26,"White Earth, MN",1971-11-27,79.1369863013699,Carlisle Indian,"Keewatin Academy, WI",NA,NA,NA,NA,NA,1966,1920,1927,0,0,3,0,46,NA,NA,NA,NA,NA,NA,NA,NA,0,0,7,0,0,0,1,0
14687,Tommy McDonald,FL,69,178,26.340966546476448,NA,1934-07-26,"Roy, NM",NA,NA,Oklahoma,"Roy, NM",Philadelphia Eagles,3,31,1957,NA,1998,1957,1968,0,6,9,62,152,2,2,21,1,11,0,NA,NA,17,22,0,22,495,8410,84,91
8560,Russ Grimm,G,75,273,34.19400778195496,NA,1959-05-02,"Scottdale, PA",NA,NA,Pittsburgh,"Southmoreland, PA",Washington Redskins,3,69,1981,NA,2010,1981,1991,3,4,9,76,140,NA,NA,NA,NA,NA,NA,NA,NA,NA,NA,NA,NA,NA,NA,NA,NA
21781,Fran Tarkenton,QB,72,190,25.82251236331878,NA,1940-02-03,"Richmond, VA",NA,NA,Georgia,"Athens, GA",Minnesota Vikings,3,29,1961,NA,1986,1961,1978,1,9,18,149,246,3686,6467,47003,342,89,266,274,2337,675,3674,32,52,0,-12,0,0
9167,Franco Harris,RB,74,230,29.59199755971727,NA,1950-03-07,"Fort Dix, NJ",NA,NA,Penn St.,"Rancocas Valley Regional, NJ",Pittsburgh Steelers,1,13,1972,NA,1990,1972,1984,1,9,12,102,173,0,1,0,0,0,0,0,0,2949,12120,91,75,307,2287,9,44
12064,Jim Kelly,QB,74,218,28.048067252253762,NA,1942-04-23,"McKeesport, PA",NA,NA,Notre Dame,"Clairton, PA",Boston Patriots,2,13,1964,NA,2002,1986,1996,1,5,11,103,160,2874,4779,35467,237,84,175,323,2427,304,1049,7,24,2,40,0,35
15597,Joe Montana,QB,74,200,25.7321717910585,NA,1956-06-11,"New Eagle, PA",NA,NA,Notre Dame,"Ringgold, PA",San Francisco 49ers,3,82,1979,NA,2000,1979,1994,3,8,12,123,192,3409,5391,40551,273,96,139,313,2095,457,1676,20,21,NA,NA,NA,NA
21462,Ken Strong,FB,72,206,27.997039720229832,NA,1906-04-21,"West Haven, CT",1979-10-05,73.5068493150685,NYU,"West Haven, CT",NA,NA,NA,NA,NA,1967,1929,1947,3,0,8,0,131,20,52,380,6,0,5,NA,NA,379,1228,24,2,22,254,7,0
21241,Dwight Stephenson,C,74,255,32.80851903359959,NA,1957-11-20,"Murfreesboro, NC",NA,NA,Alabama,"Hampton, VA",Miami Dolphins,2,48,1980,NA,1998,1980,1987,4,5,6,81,114,NA,NA,NA,NA,NA,NA,NA,NA,NA,NA,NA,NA,NA,NA,NA,NA
23975,Aeneas Williams,DB,71,200,27.952662711334327,NA,1968-01-29,"New Orleans, LA",NA,NA,Southern,"Alcee Fortier, LA",Phoenix Cardinals,3,59,1991,NA,2014,1991,2004,3,8,13,103,211,NA,NA,NA,NA,NA,NA,NA,NA,NA,NA,NA,NA,NA,NA,NA,NA
14641,Randall McDaniel,G,75,276,34.569766109229185,NA,1964-12-19,"Phoenix, AZ",NA,NA,Arizona St.,"Agua Fria Union, AZ",Minnesota Vikings,1,19,1988,NA,2009,1988,2001,7,12,13,119,222,NA,NA,NA,NA,NA,NA,NA,NA,2,1,0,1,1,2,1,2
5830,Tony Dorsett,RB,71,192,26.834556202880954,NA,1954-04-07,"Rochester, PA",NA,NA,Pittsburgh,"Hopewell, PA",Dallas Cowboys,1,2,1977,NA,1994,1977,1988,1,4,11,108,173,2,8,41,1,34,1,0,0,2936,12739,77,99,398,3554,13,91
21862,Jason Taylor,DE,78,255,29.529824166336514,NA,1974-09-01,"Pittsburgh, PA",NA,NA,Akron,"Woodland Hills, PA",Miami Dolphins,3,73,1997,NA,2017,1997,2011,3,6,12,117,233,NA,NA,NA,NA,NA,NA,NA,NA,NA,NA,NA,NA,0,0,0,0
21832,Charley Taylor,WR,75,210,26.30308290919612,NA,1941-09-28,"Grand Prairie, TX",NA,NA,Arizona St.,"Dalworth, TX",Washington Redskins,1,3,1964,NA,1984,1964,1977,1,8,13,96,165,3,14,99,1,45,1,0,0,442,1488,11,50,649,9110,79,88
5383,Fred Dean,DE,75,253,31.688952266793418,NA,1955-03-30,"Gainesville, FL",NA,NA,Texas Southern,"Gainesville, FL",NA,NA,NA,NA,NA,2008,1975,1985,2,4,6,59,141,NA,NA,NA,NA,NA,NA,NA,NA,NA,NA,NA,NA,NA,NA,NA,NA
9931,Clarke Hinkle,FB,71,202,28.23218933844767,NA,1909-04-10,"Toronto, OH",1988-11-09,79.6383561643836,Bucknell,"Toronto, OH",NA,NA,NA,NA,NA,1964,1932,1941,4,3,9,0,113,26,54,316,0,23,5,NA,NA,1171,3860,35,57,49,537,9,69
17610,Pete Pihos,E,73,210,27.764091079795115,NA,1923-10-22,"Orlando, FL",2011-08-16,87.8767123287671,Indiana,"Austin, IL",Philadelphia Eagles,5,41,1945,NA,1970,1947,1955,5,6,9,0,107,NA,NA,NA,NA,NA,NA,NA,NA,9,-4,0,5,373,5619,61,66
13358,Bob Lilly,DT,77,260,30.89596635962004,NA,1939-07-26,"Olney, TX",NA,NA,TCU,"Throckmorton, TX",Dallas Cowboys,1,13,1961,NA,1980,1961,1974,7,11,14,108,196,NA,NA,NA,NA,NA,NA,NA,NA,NA,NA,NA,NA,NA,NA,NA,NA
1398,Chuck Bednarik,LB,75,233,29.183896751631888,NA,1925-05-01,"Bethlehem, PA",2015-03-21,89.9479452054795,Pennsylvania,"Liberty, PA",Philadelphia Eagles,1,1,1949,NA,1967,1949,1962,5,8,14,21,169,NA,NA,NA,NA,NA,NA,NA,NA,NA,NA,NA,NA,NA,NA,NA,NA
